Metric,Value
Accuracy,0.7856060606060606
Precision (Macro),0.7036216119726777
Recall (Macro),0.7269449705947258
F1 Macro,0.696277529360992
F1 Weighted,0.7721862951421313
