{
  "test_accuracy": 0.8015903067020068,
  "test_precision_macro": 0.6858046870257744,
  "test_recall_macro": 0.68453284151107,
  "test_f1_macro": 0.6714492668482561,
  "test_f1_weighted": 0.7991478317402984,
  "test_top3_accuracy": 0.9367663763725862,
  "test_top5_accuracy": 0.9568345323741008,
  "test_top10_accuracy": 0.96932979931844,
  "prediction_variance": 0.0030937823466956615,
  "prediction_entropy": 1.0373942852020264,
  "best_val_accuracy": 0.8102272727272727,
  "num_classes": 231,
  "num_features": 104,
  "hidden_size": 256,
  "num_layers": 2,
  "epochs": 86,
  "batch_size": 64,
  "learning_rate": 0.001,
  "dropout_rate": 0.3,
  "training_samples": 12537,
  "validation_samples": 2640,
  "test_samples": 2641,
  "total_parameters": 2362728,
  "trainable_parameters": 2362728
}