Metric,Value
Accuracy,0.7637258614161303
F1 Macro,0.6842875244341547
F1 Weighted,0.758138224594526
Top-3 Acc,0.9280575539568345
Top-5 Acc,0.9541840212040894
Top-10 Acc,0.9750094661113214
