{
  "layer1_accuracy": 0.9639596917605217,
  "layer2_accuracy": 0.8755186721991701,
  "best_alpha": 0.8,
  "final_accuracy": 0.9645524599881447,
  "f1_weighted": 0.9631069738002017,
  "f1_macro": 0.8272925765083587
}