Stage,Config,Rounds,Accuracy,F1_Weighted,F1_Macro
1,基础,150,0.9613515115589805,0.9596939823367883,0.8185318063678982
2,扩展,200,0.9631298162418495,0.9616604233509005,0.8262807846118255
3,中等,250,0.963841138114997,0.9624107572700009,0.8266480446235136
4,增强,280,0.9640782454060463,0.962641970460523,0.8232871984969322
5,完整,300,0.9633669235328987,0.9619627327622933,0.8212426861348447
